{
  "lang":"en",
  "name":"pipeline",
  "version":"0.0.0",
  "spacy_version":">=3.7.5,<3.8.0",
  "description":"",
  "author":"",
  "email":"",
  "url":"",
  "license":"",
  "spacy_git_version":"a6d0fc360",
  "vectors":{
    "width":0,
    "vectors":0,
    "keys":0,
    "name":null,
    "mode":"default"
  },
  "labels":{
    "tok2vec":[

    ],
    "ner":[
      "LOC",
      "MISC",
      "ORG",
      "PER"
    ],
    "tagger":[
      "\"",
      "$",
      "''",
      "(",
      ")",
      ",",
      "-X-",
      ".",
      ":",
      "CC",
      "CD",
      "DT",
      "EX",
      "FW",
      "IN",
      "JJ",
      "JJR",
      "JJS",
      "LS",
      "MD",
      "NN",
      "NNP",
      "NNPS",
      "NNS",
      "NN|SYM",
      "PDT",
      "POS",
      "PRP",
      "PRP$",
      "RB",
      "RBR",
      "RBS",
      "RP",
      "SYM",
      "TO",
      "UH",
      "VB",
      "VBD",
      "VBG",
      "VBN",
      "VBP",
      "VBZ",
      "WDT",
      "WP",
      "WP$",
      "WRB"
    ]
  },
  "pipeline":[
    "tok2vec",
    "ner",
    "tagger"
  ],
  "components":[
    "tok2vec",
    "ner",
    "tagger"
  ],
  "disabled":[

  ],
  "performance":{
    "ents_f":0.8778004073,
    "ents_p":0.8853132489,
    "ents_r":0.870414002,
    "ents_per_type":{
      "PER":{
        "p":0.8725848564,
        "r":0.9071661238,
        "f":0.8895395262
      },
      "LOC":{
        "p":0.9323644494,
        "r":0.9080021775,
        "f":0.9200220629
      },
      "MISC":{
        "p":0.906097561,
        "r":0.805856833,
        "f":0.8530424799
      },
      "ORG":{
        "p":0.8270106222,
        "r":0.8128262491,
        "f":0.8198570891
      }
    },
    "tag_acc":0.9529450541,
    "tok2vec_loss":3299.1880903486,
    "ner_loss":2001.0657252201,
    "tagger_loss":6339.5255027264
  }
}